{
    "sources": [
        {
            "type": "single",
            "resource": "minecraft:blocks/rocket/dragon"
        },
        {
            "type": "single",
            "resource": "minecraft:blocks/rocket/horns"
        },
        {
            "type": "single",
            "resource": "minecraft:blocks/rocket/pawsandtail"
        },
        {
            "type": "single",
            "resource": "minecraft:blocks/rocket/texture"
        },
        {
            "type": "single",
            "resource": "minecraft:blocks/rocket/rocket"
        },
        {
            "type": "single",
            "resource": "minecraft:blocks/apocalypse/horns"
        },
        {
            "type": "single",
            "resource": "minecraft:blocks/apocalypse/wings"
        },
        {
            "type": "single",
            "resource": "minecraft:blocks/apocalypse/dragon"
        },
        {
            "type": "single",
            "resource": "minecraft:blocks/apocalypse/pawsandtail"
        },
        {
            "type": "single",
            "resource": "minecraft:blocks/toxic/horns"
        },
        {
            "type": "single",
            "resource": "minecraft:blocks/toxic/wings"
        },
        {
            "type": "single",
            "resource": "minecraft:blocks/toxic/dragon"
        },
        {
            "type": "single",
            "resource": "minecraft:blocks/toxic/pawsandtail"
        },
        {
            "type": "single",
            "resource": "minecraft:blocks/toxic/poison"
        },
        {
            "type": "single",
            "resource": "minecraft:blocks/candy/horns"
        },
        {
            "type": "single",
            "resource": "minecraft:blocks/candy/wings"
        },
        {
            "type": "single",
            "resource": "minecraft:blocks/candy/dragon"
        },
        {
            "type": "single",
            "resource": "minecraft:blocks/candy/pawsandtail"
        },
        {
            "type": "single",
            "resource": "minecraft:blocks/candy/lollipop"
        },
        {
            "type": "single",
            "resource": "minecraft:blocks/nuclear/dragon"
        },
        {
            "type": "single",
            "resource": "minecraft:blocks/nuclear/horns"
        },
        {
            "type": "single",
            "resource": "minecraft:blocks/nuclear/pawsandtail"
        },
        {
            "type": "single",
            "resource": "minecraft:blocks/nuclear/texture"
        },
        {
            "type": "single",
            "resource": "minecraft:blocks/nuclear/wings"
        },
        {
            "type": "single",
            "resource": "minecraft:blocks/gemsdrag/horns"
        },
        {
            "type": "single",
            "resource": "minecraft:blocks/gemsdrag/wings"
        },
        {
            "type": "single",
            "resource": "minecraft:blocks/gemsdrag/dragon"
        },
        {
            "type": "single",
            "resource": "minecraft:blocks/gemsdrag/pawsandtail"
        },
        {
            "type": "single",
            "resource": "minecraft:blocks/arcade/horns"
        },
        {
            "type": "single",
            "resource": "minecraft:blocks/arcade/wings"
        },
        {
            "type": "single",
            "resource": "minecraft:blocks/arcade/dragon"
        },
        {
            "type": "single",
            "resource": "minecraft:blocks/arcade/pawsandtail"
        },
        {
            "type": "single",
            "resource": "minecraft:blocks/arcade/texture"
        },
        {
            "type": "single",
            "resource": "minecraft:blocks/ore/stone_1"
        },
        {
            "type": "single",
            "resource": "minecraft:blocks/ore/stone_2"
        },
        {
            "type": "single",
            "resource": "minecraft:blocks/ore/stone_3"
        },
        {
            "type": "single",
            "resource": "minecraft:blocks/ore/stone_4"
        },
        {
            "type": "single",
            "resource": "minecraft:blocks/ore/stone_5"
        },
        {
            "type": "single",
            "resource": "minecraft:blocks/ore/stone_6"
        },
        {
            "type": "single",
            "resource": "minecraft:blocks/ore/ore"
        },
        {
            "type": "single",
            "resource": "minecraft:blocks/elf/elf_king"
        },
        {
            "type": "single",
            "resource": "minecraft:blocks/carnival/horns"
        },
        {
            "type": "single",
            "resource": "minecraft:blocks/carnival/wings"
        },
        {
            "type": "single",
            "resource": "minecraft:blocks/carnival/dragon"
        },
        {
            "type": "single",
            "resource": "minecraft:blocks/carnival/pawsandtail"
        },
        {
            "type": "single",
            "resource": "minecraft:blocks/carnival/feathers"
        },
        {
            "type": "single",
            "resource": "minecraft:blocks/selector/warlock_king"
        },
        {
            "type": "single",
            "resource": "minecraft:blocks/egg/1"
        },
        {
            "type": "single",
            "resource": "minecraft:blocks/egg/2"
        },
        {
            "type": "single",
            "resource": "minecraft:blocks/egg/3"
        },
        {
            "type": "single",
            "resource": "minecraft:blocks/egg/4"
        },
        {
            "type": "single",
            "resource": "minecraft:blocks/egg/5"
        },
        {
            "type": "single",
            "resource": "minecraft:blocks/box"
        },
        {
            "type": "single",
            "resource": "minecraft:blocks/crystal/horns"
        },
        {
            "type": "single",
            "resource": "minecraft:blocks/crystal/wings"
        },
        {
            "type": "single",
            "resource": "minecraft:blocks/crystal/dragon"
        },
        {
            "type": "single",
            "resource": "minecraft:blocks/crystal/pawsandtail"
        },
        {
            "type": "single",
            "resource": "minecraft:blocks/crystal/crystal"
        },
        {
            "type": "single",
            "resource": "minecraft:blocks/egyptian/horns"
        },
        {
            "type": "single",
            "resource": "minecraft:blocks/egyptian/wings"
        },
        {
            "type": "single",
            "resource": "minecraft:blocks/egyptian/dragon"
        },
        {
            "type": "single",
            "resource": "minecraft:blocks/egyptian/pawsandtail"
        },
        {
            "type": "single",
            "resource": "minecraft:blocks/egyptian/paw2"
        },
        {
            "type": "single",
            "resource": "minecraft:blocks/mana/dragon"
        },
        {
            "type": "single",
            "resource": "minecraft:blocks/mana/horns"
        },
        {
            "type": "single",
            "resource": "minecraft:blocks/mana/pawsandtail"
        },
        {
            "type": "single",
            "resource": "minecraft:blocks/mana/texture"
        },
        {
            "type": "single",
            "resource": "minecraft:blocks/mana/wings"
        },
        {
            "type": "single",
            "resource": "minecraft:blocks/miner/horns"
        },
        {
            "type": "single",
            "resource": "minecraft:blocks/miner/wings"
        },
        {
            "type": "single",
            "resource": "minecraft:blocks/miner/dragon"
        },
        {
            "type": "single",
            "resource": "minecraft:blocks/miner/pawsandtail"
        },
        {
            "type": "single",
            "resource": "minecraft:blocks/robot/dragon"
        },
        {
            "type": "single",
            "resource": "minecraft:blocks/robot/horns"
        },
        {
            "type": "single",
            "resource": "minecraft:blocks/robot/pawsandtail"
        },
        {
            "type": "single",
            "resource": "minecraft:blocks/robot/texture"
        },
        {
            "type": "single",
            "resource": "minecraft:blocks/robot/wings"
        },
        {
            "type": "single",
            "resource": "minecraft:blocks/frozen/horns"
        },
        {
            "type": "single",
            "resource": "minecraft:blocks/frozen/wings"
        },
        {
            "type": "single",
            "resource": "minecraft:blocks/frozen/dragon"
        },
        {
            "type": "single",
            "resource": "minecraft:blocks/frozen/pawsandtail"
        },
        {
            "type": "single",
            "resource": "minecraft:blocks/frozen/ice"
        },
        {
            "type": "single",
            "resource": "minecraft:blocks/neon/horns"
        },
        {
            "type": "single",
            "resource": "minecraft:blocks/neon/wings"
        },
        {
            "type": "single",
            "resource": "minecraft:blocks/neon/dragon"
        },
        {
            "type": "single",
            "resource": "minecraft:blocks/neon/pawsandtail"
        },
        {
            "type": "single",
            "resource": "minecraft:blocks/neon/laser"
        },
        {
            "type": "single",
            "resource": "minecraft:blocks/reaper/horns"
        },
        {
            "type": "single",
            "resource": "minecraft:blocks/reaper/wings"
        },
        {
            "type": "single",
            "resource": "minecraft:blocks/reaper/dragon"
        },
        {
            "type": "single",
            "resource": "minecraft:blocks/reaper/pawsandtail"
        },
        {
            "type": "single",
            "resource": "minecraft:blocks/reaper/scynth"
        },
        {
            "type": "single",
            "resource": "minecraft:blocks/hellfire/horns"
        },
        {
            "type": "single",
            "resource": "minecraft:blocks/hellfire/wings"
        },
        {
            "type": "single",
            "resource": "minecraft:blocks/hellfire/dragon"
        },
        {
            "type": "single",
            "resource": "minecraft:blocks/hellfire/pawsandtail"
        },
        {
            "type": "single",
            "resource": "minecraft:blocks/hellfire/fire"
        },
        {
            "type": "single",
            "resource": "minecraft:blocks/dwarf/dwarf_king"
        },
        {
            "type": "single",
            "resource": "minecraft:blocks/billionaire/horns"
        },
        {
            "type": "single",
            "resource": "minecraft:blocks/billionaire/wings"
        },
        {
            "type": "single",
            "resource": "minecraft:blocks/billionaire/dragon"
        },
        {
            "type": "single",
            "resource": "minecraft:blocks/billionaire/pawsandtail"
        },
        {
            "type": "single",
            "resource": "minecraft:blocks/billionaire/money"
        },
        {
            "type": "single",
            "resource": "minecraft:blocks/galactic/horns"
        },
        {
            "type": "single",
            "resource": "minecraft:blocks/galactic/wings"
        },
        {
            "type": "single",
            "resource": "minecraft:blocks/galactic/dragon"
        },
        {
            "type": "single",
            "resource": "minecraft:blocks/galactic/pawsandtail"
        },
        {
            "type": "single",
            "resource": "minecraft:blocks/galactic/planets"
        },
        {
            "type": "single",
            "resource": "minecraft:blocks/superhero/horns"
        },
        {
            "type": "single",
            "resource": "minecraft:blocks/superhero/wings"
        },
        {
            "type": "single",
            "resource": "minecraft:blocks/superhero/dragon"
        },
        {
            "type": "single",
            "resource": "minecraft:blocks/superhero/pawsandtail"
        },
        {
            "type": "single",
            "resource": "minecraft:blocks/superhero/cape"
        },
        {
            "type": "single",
            "resource": "minecraft:blocks/wealth/dragon"
        },
        {
            "type": "single",
            "resource": "minecraft:blocks/wealth/horns"
        },
        {
            "type": "single",
            "resource": "minecraft:blocks/wealth/pawsandtail"
        },
        {
            "type": "single",
            "resource": "minecraft:blocks/wealth/wings"
        },
        {
            "type": "single",
            "resource": "minecraft:blocks/wealth/texture"
        },
        {
            "type": "single",
            "resource": "minecraft:blocks/ork/ork_king"
        },
        {
            "type": "single",
            "resource": "minecraft:blocks/atlantean/horns"
        },
        {
            "type": "single",
            "resource": "minecraft:blocks/atlantean/wings"
        },
        {
            "type": "single",
            "resource": "minecraft:blocks/atlantean/dragon"
        },
        {
            "type": "single",
            "resource": "minecraft:blocks/atlantean/pawsandtail"
        },
        {
            "type": "single",
            "resource": "minecraft:blocks/atlantean/trident"
        },
        {
            "type": "single",
            "resource": "minecraft:blocks/test/pickaxe"
        },
        {
            "type": "single",
            "resource": "minecraft:blocks/slimepick/texture"
        },
        {
            "type": "single",
            "resource": "minecraft:blocks/slimepick/pickaxee"
        },
        {
            "type": "single",
            "resource": "minecraft:blocks/candypick/pickaxeee"
        },
        {
            "type": "single",
            "resource": "minecraft:blocks/candypick/texture"
        },
        {
            "type": "single",
            "resource": "minecraft:blocks/demonicpick/pickaxe"
        },
        {
            "type": "single",
            "resource": "minecraft:blocks/demonicpick/texture"
        },
        {
            "type": "single",
            "resource": "minecraft:blocks/galacticpick/pickaxe"
        },
        {
            "type": "single",
            "resource": "minecraft:blocks/galacticpick/texture"
        }
    ]
}