{"credit":"MadewithBlockbench","texture_size":[128,128],"textures":{"0":"blocks/elf/elf_king","particle":"blocks/elf/elf_king"},"elements":[{"from":[3.99,11.99,3.99],"to":[12.01,20.01,12.01],"rotation":{"angle":0,"axis":"y","origin":[12,20,12]},"faces":{"north":{"uv":[2,4.375,3,5.375],"texture":"#0"},"east":{"uv":[4.75,4.75,5.75,5.75],"texture":"#0"},"south":{"uv":[4.75,0,5.75,1],"texture":"#0"},"west":{"uv":[4.75,1,5.75,2],"texture":"#0"},"up":{"uv":[5.75,3,4.75,2],"texture":"#0"},"down":{"uv":[5.75,3,4.75,4],"texture":"#0"}}},{"from":[3.99,11.99,3.99],"to":[12.01,20.01,12.01],"rotation":{"angle":0,"axis":"y","origin":[12,20,12]},"faces":{"north":{"uv":[2,4.375,3,5.375],"texture":"#0"},"east":{"uv":[4.75,4.75,5.75,5.75],"texture":"#0"},"south":{"uv":[4.75,0,5.75,1],"texture":"#0"},"west":{"uv":[4.75,1,5.75,2],"texture":"#0"},"up":{"uv":[5.75,3,4.75,2],"texture":"#0"},"down":{"uv":[5.75,3,4.75,4],"texture":"#0"}}},{"from":[0.99,11.99,11.84],"to":[15.01,20.01,11.86],"rotation":{"angle":0,"axis":"y","origin":[12,20,12]},"faces":{"north":{"uv":[10.87438,1.99988,9.12475,2.9995],"texture":"#0"},"east":{"uv":[4.75,4.75,5.75,5.75],"texture":"#0"},"south":{"uv":[9.12475,1.99988,10.87438,2.9995],"texture":"#0"},"west":{"uv":[4.75,1,5.75,2],"texture":"#0"},"up":{"uv":[5.75,3,4.75,2],"texture":"#0"},"down":{"uv":[5.75,3,4.75,4],"texture":"#0"}}},{"from":[3.165,11.815,4.065],"to":[3.185,15.835,12.085],"rotation":{"angle":-22.5,"axis":"z","origin":[3.175,13.3,8.075]},"faces":{"north":{"uv":[0,0,0,0.5],"texture":"#0"},"east":{"uv":[6.75,2.875,7.75,3.375],"texture":"#0"},"south":{"uv":[0,0,0,0.5],"texture":"#0"},"west":{"uv":[6.75,4.375,7.75,4.875],"texture":"#0"},"up":{"uv":[0,1,0,0],"texture":"#0"},"down":{"uv":[0,0,0,1],"texture":"#0"}}},{"from":[12.815,11.815,4.065],"to":[12.835,15.835,12.085],"rotation":{"angle":22.5,"axis":"z","origin":[12.825,13.3,8.075]},"faces":{"north":{"uv":[0,0,0,0.5],"texture":"#0"},"east":{"uv":[7.75,4.375,6.75,4.875],"texture":"#0"},"south":{"uv":[0,0,0,0.5],"texture":"#0"},"west":{"uv":[7.75,2.875,6.75,3.375],"texture":"#0"},"up":{"uv":[0,1,0,0],"texture":"#0"},"down":{"uv":[0,0,0,1],"texture":"#0"}}},{"from":[0,2.1121,14.31356],"to":[16,14.1121,14.31356],"rotation":{"angle":-22.5,"axis":"x","origin":[8,5.6121,13.56356]},"faces":{"north":{"uv":[10.87475,0,8.87475,1.5],"texture":"#0"},"east":{"uv":[4.25,7.75,4.5,9],"texture":"#0"},"south":{"uv":[8.87475,0,10.87475,1.5],"texture":"#0"},"west":{"uv":[7.375,7.75,7.625,9],"texture":"#0"},"up":{"uv":[8,7,7,6.75],"texture":"#0"},"down":{"uv":[8.75,5.125,7.75,5.375],"texture":"#0"}}},{"from":[4,3.1121,12.56356],"to":[12,13.1121,14.56356],"rotation":{"angle":-22.5,"axis":"x","origin":[8,5.6121,13.56356]},"faces":{"north":{"uv":[2.75,1.5,3.75,2.75],"texture":"#0"},"east":{"uv":[4.25,7.75,4.5,9],"texture":"#0"},"south":{"uv":[3.75,3.75,4.75,5],"texture":"#0"},"west":{"uv":[7.375,7.75,7.625,9],"texture":"#0"},"up":{"uv":[8,7,7,6.75],"texture":"#0"},"down":{"uv":[8.75,5.125,7.75,5.375],"texture":"#0"}}},{"from":[4,-2.31492,14.69315],"to":[12,3.68508,14.69315],"rotation":{"angle":0,"axis":"x","origin":[8,-0.31492,14.69315]},"faces":{"north":{"uv":[6.75,4.75,5.75,5.5],"texture":"#0"},"south":{"uv":[5.75,4.75,6.75,5.5],"texture":"#0"}}},{"from":[4,-4.43624,16.81447],"to":[12,-1.43624,16.81447],"rotation":{"angle":-45,"axis":"x","origin":[8,-4.43624,16.81447]},"faces":{"north":{"uv":[8.5,5.375,7.5,5.75],"texture":"#0"},"south":{"uv":[7.5,5.375,8.5,5.75],"texture":"#0"}}},{"from":[4,20,11],"to":[12,21,12],"rotation":{"angle":0,"axis":"y","origin":[12,20,12]},"faces":{"north":{"uv":[1.75,1.625,2.75,1.75],"texture":"#0"},"east":{"uv":[7.875,6.625,8,6.75],"texture":"#0"},"south":{"uv":[7.75,1.875,8.75,2],"texture":"#0"},"west":{"uv":[8.125,8,8.25,8.125],"texture":"#0"},"up":{"uv":[8.75,3.375,7.75,3.25],"texture":"#0"},"down":{"uv":[9.125,8.125,8.125,8.25],"texture":"#0"}}},{"from":[4,20,4],"to":[5,21,11],"rotation":{"angle":0,"axis":"y","origin":[12,20,12]},"faces":{"north":{"uv":[8.25,1.75,8.375,1.875],"texture":"#0"},"east":{"uv":[6.875,4.25,7.75,4.375],"texture":"#0"},"south":{"uv":[8.25,2.5,8.375,2.625],"texture":"#0"},"west":{"uv":[1,7.25,1.875,7.375],"texture":"#0"},"up":{"uv":[6,8.75,5.875,7.875],"texture":"#0"},"down":{"uv":[3.75,8.125,3.625,9],"texture":"#0"}}},{"from":[11,20,4],"to":[12,21,11],"rotation":{"angle":0,"axis":"y","origin":[4,20,12]},"faces":{"north":{"uv":[8.375,1.75,8.25,1.875],"texture":"#0"},"east":{"uv":[1.875,7.25,1,7.375],"texture":"#0"},"south":{"uv":[8.375,2.5,8.25,2.625],"texture":"#0"},"west":{"uv":[7.75,4.25,6.875,4.375],"texture":"#0"},"up":{"uv":[5.875,8.75,6,7.875],"texture":"#0"},"down":{"uv":[3.625,8.125,3.75,9],"texture":"#0"}}},{"from":[4,21,12],"to":[12,24,12],"rotation":{"angle":0,"axis":"y","origin":[12,20,13]},"faces":{"north":{"uv":[2,7.375,3,7.75],"texture":"#0"},"south":{"uv":[2,7.375,3,7.75],"texture":"#0"}}},{"from":[4,20,4],"to":[12,23,4],"rotation":{"angle":0,"axis":"y","origin":[12,20,13]},"faces":{"north":{"uv":[0,9.49975,0.99975,9.87475],"texture":"#0"},"south":{"uv":[0,9.49975,0.99975,9.87475],"texture":"#0"}}},{"from":[4.125,18,3],"to":[4.125,24,12],"rotation":{"angle":0,"axis":"y","origin":[12,20,13]},"faces":{"east":{"uv":[4.625,5,3.5,5.75],"texture":"#0"},"west":{"uv":[3.5,5,4.625,5.75],"texture":"#0"}}},{"from":[11.875,18,3],"to":[11.875,24,12],"rotation":{"angle":0,"axis":"y","origin":[4,20,13]},"faces":{"east":{"uv":[4.625,5,3.5,5.75],"texture":"#0"},"west":{"uv":[3.5,5,4.625,5.75],"texture":"#0"}}},{"from":[3.06463,23.55995,3],"to":[3.06463,26.55995,12],"rotation":{"angle":45,"axis":"z","origin":[3.06463,25.05995,8]},"faces":{"east":{"uv":[8.125,5.75,7,6.125],"texture":"#0"},"west":{"uv":[7,5.75,8.125,6.125],"texture":"#0"}}},{"from":[12.93537,23.55995,3],"to":[12.93537,26.55995,12],"rotation":{"angle":-45,"axis":"z","origin":[12.93537,25.05995,8]},"faces":{"east":{"uv":[8.125,5.75,7,6.125],"texture":"#0"},"west":{"uv":[7,5.75,8.125,6.125],"texture":"#0"}}},{"from":[4,23.56137,13.06095],"to":[12,26.56137,13.06095],"rotation":{"angle":45,"axis":"x","origin":[8,25.06137,13.06095]},"faces":{"north":{"uv":[7.375,3.375,8.375,3.75],"texture":"#0"},"south":{"uv":[7.375,3.375,8.375,3.75],"texture":"#0"}}},{"from":[3,12,10.475],"to":[4,15,12.475],"rotation":{"angle":45,"axis":"x","origin":[12,20,12]},"faces":{"north":{"uv":[1.875,6.5,2,6.875],"texture":"#0"},"east":{"uv":[6.5,4.375,6.75,4.75],"texture":"#0"},"south":{"uv":[6.75,3.375,6.875,3.75],"texture":"#0"},"west":{"uv":[3.5,7.25,3.75,7.625],"texture":"#0"},"up":{"uv":[4.75,5.75,4.625,5.5],"texture":"#0"},"down":{"uv":[5.875,3.75,5.75,4],"texture":"#0"}}},{"from":[12,12,10.475],"to":[13,15,12.475],"rotation":{"angle":45,"axis":"x","origin":[4,20,12]},"faces":{"north":{"uv":[2,6.5,1.875,6.875],"texture":"#0"},"east":{"uv":[3.75,7.25,3.5,7.625],"texture":"#0"},"south":{"uv":[6.875,3.375,6.75,3.75],"texture":"#0"},"west":{"uv":[6.75,4.375,6.5,4.75],"texture":"#0"},"up":{"uv":[4.625,5.75,4.75,5.5],"texture":"#0"},"down":{"uv":[5.75,3.75,5.875,4],"texture":"#0"}}},{"from":[3,15,10.475],"to":[4,17,11.475],"rotation":{"angle":45,"axis":"x","origin":[12,20,12]},"faces":{"north":{"uv":[8.25,1,8.375,1.25],"texture":"#0"},"east":{"uv":[8.25,1.25,8.375,1.5],"texture":"#0"},"south":{"uv":[8.25,1.5,8.375,1.75],"texture":"#0"},"west":{"uv":[8.25,2.25,8.375,2.5],"texture":"#0"},"up":{"uv":[1.875,6.625,1.75,6.5],"texture":"#0"},"down":{"uv":[7.75,4.125,7.625,4.25],"texture":"#0"}}},{"from":[12,15,10.475],"to":[13,17,11.475],"rotation":{"angle":45,"axis":"x","origin":[4,20,12]},"faces":{"north":{"uv":[8.375,1,8.25,1.25],"texture":"#0"},"east":{"uv":[8.375,2.25,8.25,2.5],"texture":"#0"},"south":{"uv":[8.375,1.5,8.25,1.75],"texture":"#0"},"west":{"uv":[8.375,1.25,8.25,1.5],"texture":"#0"},"up":{"uv":[1.75,6.625,1.875,6.5],"texture":"#0"},"down":{"uv":[7.625,4.125,7.75,4.25],"texture":"#0"}}},{"from":[4,1,4],"to":[6,12,5],"rotation":{"angle":0,"axis":"x","origin":[5,6.5,4.5]},"faces":{"north":{"uv":[3.75,7.25,4,8.625],"texture":"#0"},"east":{"uv":[5.375,7.75,5.5,9.125],"texture":"#0"},"south":{"uv":[4,7.75,4.25,9.125],"texture":"#0"},"west":{"uv":[4.875,7.875,5,9.25],"texture":"#0"},"up":{"uv":[3.75,5,3.5,4.875],"texture":"#0"},"down":{"uv":[6.5,2.875,6.25,3],"texture":"#0"}}},{"from":[10,1,4],"to":[12,12,5],"rotation":{"angle":0,"axis":"x","origin":[11,6.5,4.5]},"faces":{"north":{"uv":[4,7.25,3.75,8.625],"texture":"#0"},"east":{"uv":[5,7.875,4.875,9.25],"texture":"#0"},"south":{"uv":[4.25,7.75,4,9.125],"texture":"#0"},"west":{"uv":[5.5,7.75,5.375,9.125],"texture":"#0"},"up":{"uv":[3.5,5,3.75,4.875],"texture":"#0"},"down":{"uv":[6.25,2.875,6.5,3],"texture":"#0"}}},{"from":[4,-3,4.5],"to":[6,1,4.5],"rotation":{"angle":0,"axis":"x","origin":[5,6.5,4.5]},"faces":{"north":{"uv":[3.5,4.375,3.75,4.875],"texture":"#0"},"east":{"uv":[0,0,0,0.5],"texture":"#0"},"south":{"uv":[3.375,8.125,3.625,8.625],"texture":"#0"},"west":{"uv":[0,0,0,0.5],"texture":"#0"},"up":{"uv":[0.25,0,0,0],"texture":"#0"},"down":{"uv":[0.25,0,0,0],"texture":"#0"}}},{"from":[10,-3,4.5],"to":[12,1,4.5],"rotation":{"angle":0,"axis":"x","origin":[11,6.5,4.5]},"faces":{"north":{"uv":[3.75,4.375,3.5,4.875],"texture":"#0"},"east":{"uv":[0,0,0,0.5],"texture":"#0"},"south":{"uv":[3.625,8.125,3.375,8.625],"texture":"#0"},"west":{"uv":[0,0,0,0.5],"texture":"#0"},"up":{"uv":[0,0,0.25,0],"texture":"#0"},"down":{"uv":[0,0,0.25,0],"texture":"#0"}}},{"from":[4,-2.375,5.5],"to":[12,10.625,5.5],"rotation":{"angle":22.5,"axis":"x","origin":[8,2.125,5.5]},"faces":{"north":{"uv":[1.75,1.75,2.75,3.375],"texture":"#0"},"east":{"uv":[0,0,0,1.625],"texture":"#0"},"south":{"uv":[1.75,1.75,2.75,3.375],"texture":"#0"},"west":{"uv":[0,0,0,1.625],"texture":"#0"},"up":{"uv":[1,0,0,0],"texture":"#0"},"down":{"uv":[1,0,0,0],"texture":"#0"}}},{"from":[4,-9.85,5.5],"to":[12,3.15,5.5],"rotation":{"angle":22.5,"axis":"x","origin":[8,-5.35,5.5]},"faces":{"north":{"uv":[0,2.5,1,4.125],"texture":"#0"},"east":{"uv":[0,0,0,1.625],"texture":"#0"},"south":{"uv":[0,2.5,1,4.125],"texture":"#0"},"west":{"uv":[0,0,0,1.625],"texture":"#0"},"up":{"uv":[1,0,0,0],"texture":"#0"},"down":{"uv":[1,0,0,0],"texture":"#0"}}},{"from":[2.1,-2.55,6],"to":[2.1,5.45,10],"rotation":{"angle":-22.5,"axis":"z","origin":[2.1,-3.05,10]},"faces":{"north":{"uv":[0,0,0,1],"texture":"#0"},"east":{"uv":[0.5,6.875,1,7.875],"texture":"#0"},"south":{"uv":[0,0,0,1],"texture":"#0"},"west":{"uv":[4.5,6.875,5,7.875],"texture":"#0"},"up":{"uv":[0,0.5,0,0],"texture":"#0"},"down":{"uv":[0,0,0,0.5],"texture":"#0"}}},{"from":[13.9,-2.55,6],"to":[13.9,5.45,10],"rotation":{"angle":22.5,"axis":"z","origin":[13.9,-3.05,10]},"faces":{"north":{"uv":[0,0,0,1],"texture":"#0"},"east":{"uv":[5,6.875,4.5,7.875],"texture":"#0"},"south":{"uv":[0,0,0,1],"texture":"#0"},"west":{"uv":[1,6.875,0.5,7.875],"texture":"#0"},"up":{"uv":[0,0.5,0,0],"texture":"#0"},"down":{"uv":[0,0,0,0.5],"texture":"#0"}}},{"from":[2.29227,-7.58844,6],"to":[2.29227,-2.58844,10],"rotation":{"angle":0,"axis":"z","origin":[2.29227,-5.08844,8]},"faces":{"north":{"uv":[0,0,0,0.625],"texture":"#0"},"east":{"uv":[7.75,0.625,8.25,1.25],"texture":"#0"},"south":{"uv":[0,0,0,0.625],"texture":"#0"},"west":{"uv":[7.75,1.25,8.25,1.875],"texture":"#0"},"up":{"uv":[0,0.5,0,0],"texture":"#0"},"down":{"uv":[0,0,0,0.5],"texture":"#0"}}},{"from":[13.70773,-7.58844,6],"to":[13.70773,-2.58844,10],"rotation":{"angle":0,"axis":"z","origin":[13.70773,-5.08844,8]},"faces":{"north":{"uv":[0,0,0,0.625],"texture":"#0"},"east":{"uv":[8.25,1.25,7.75,1.875],"texture":"#0"},"south":{"uv":[0,0,0,0.625],"texture":"#0"},"west":{"uv":[8.25,0.625,7.75,1.25],"texture":"#0"},"up":{"uv":[0,0.5,0,0],"texture":"#0"},"down":{"uv":[0,0,0,0.5],"texture":"#0"}}},{"from":[-0.59355,-8.16247,6],"to":[2.40645,-8.16247,10],"rotation":{"angle":22.5,"axis":"z","origin":[0.90645,-8.16247,8]},"faces":{"north":{"uv":[0,0,0.375,0],"texture":"#0"},"east":{"uv":[0,0,0.5,0],"texture":"#0"},"south":{"uv":[0,0,0.375,0],"texture":"#0"},"west":{"uv":[0,0,0.5,0],"texture":"#0"},"up":{"uv":[1,8.375,0.625,7.875],"texture":"#0"},"down":{"uv":[4.875,7.875,4.5,8.375],"texture":"#0"}}},{"from":[13.59355,-8.16247,6],"to":[16.59355,-8.16247,10],"rotation":{"angle":-22.5,"axis":"z","origin":[15.09355,-8.16247,8]},"faces":{"north":{"uv":[0.375,0,0,0],"texture":"#0"},"east":{"uv":[0.5,0,0,0],"texture":"#0"},"south":{"uv":[0.375,0,0,0],"texture":"#0"},"west":{"uv":[0.5,0,0,0],"texture":"#0"},"up":{"uv":[0.625,8.375,1,7.875],"texture":"#0"},"down":{"uv":[4.5,7.875,4.875,8.375],"texture":"#0"}}},{"from":[4,-7.03284,3.77785],"to":[12,-2.03284,3.77785],"rotation":{"angle":0,"axis":"x","origin":[8,-11.91568,3.77785]},"faces":{"north":{"uv":[5.875,3.75,6.875,4.375],"texture":"#0"},"east":{"uv":[0,0,0,0.625],"texture":"#0"},"south":{"uv":[5.875,3.75,6.875,4.375],"texture":"#0"},"west":{"uv":[0,0,0,0.625],"texture":"#0"},"up":{"uv":[1,0,0,0],"texture":"#0"},"down":{"uv":[1,0,0,0],"texture":"#0"}}},{"from":[4,0,6],"to":[12,12,10],"rotation":{"angle":0,"axis":"y","origin":[12,12,12]},"faces":{"north":{"uv":[2.75,0,3.75,1.5],"texture":"#0"},"east":{"uv":[3,6.125,3.5,7.625],"texture":"#0"},"south":{"uv":[1,3.375,2,4.875],"texture":"#0"},"west":{"uv":[4,6.25,4.5,7.75],"texture":"#0"},"up":{"uv":[7.75,5.375,6.75,4.875],"texture":"#0"},"down":{"uv":[2.875,6.875,1.875,7.375],"texture":"#0"}}},{"from":[10.73,-1.52,-0.42],"to":[12.77,0.52,13.62],"rotation":{"angle":22.5,"axis":"x","origin":[11.75,-0.5,10.3]},"faces":{"north":{"uv":[0,8.25,0.25,8.5],"texture":"#0"},"east":{"uv":[5.75,5.5,7.5,5.75],"texture":"#0"},"south":{"uv":[0.25,8.25,0.5,8.5],"texture":"#0"},"west":{"uv":[6.75,2,8.5,2.25],"texture":"#0"},"up":{"uv":[6.25,8.75,6,7],"texture":"#0"},"down":{"uv":[6.5,7,6.25,8.75],"texture":"#0"}}},{"from":[10.75,-3.76274,11.56274],"to":[12.75,-1.76274,13.56274],"rotation":{"angle":-22.5,"axis":"x","origin":[11.75,-0.5,10.3]},"faces":{"north":{"uv":[5.5,8.25,5.75,8.5],"texture":"#0"},"east":{"uv":[8.125,8.25,8.375,8.5],"texture":"#0"},"south":{"uv":[8.25,0,8.5,0.25],"texture":"#0"},"west":{"uv":[8.25,0.25,8.5,0.5],"texture":"#0"},"up":{"uv":[8.5,0.75,8.25,0.5],"texture":"#0"},"down":{"uv":[8.5,0.75,8.25,1],"texture":"#0"}}},{"from":[4,-12,6],"to":[8,0,10],"rotation":{"angle":0,"axis":"y","origin":[8,0,12]},"faces":{"north":{"uv":[0.5,5.375,1,6.875],"texture":"#0"},"east":{"uv":[4,5.75,3.5,7.25],"texture":"#0"},"south":{"uv":[2.5,5.375,3,6.875],"texture":"#0"},"west":{"uv":[3.5,5.75,4,7.25],"texture":"#0"},"up":{"uv":[8.25,2.75,7.75,2.25],"texture":"#0"},"down":{"uv":[8.25,2.75,7.75,3.25],"texture":"#0"}}},{"from":[8,-12,6],"to":[12,0,10],"rotation":{"angle":0,"axis":"y","origin":[8,0,12]},"faces":{"north":{"uv":[1,5.375,0.5,6.875],"texture":"#0"},"east":{"uv":[4,5.75,3.5,7.25],"texture":"#0"},"south":{"uv":[3,5.375,2.5,6.875],"texture":"#0"},"west":{"uv":[3.5,5.75,4,7.25],"texture":"#0"},"up":{"uv":[7.75,2.75,8.25,2.25],"texture":"#0"},"down":{"uv":[7.75,2.75,8.25,3.25],"texture":"#0"}}},{"from":[8,-12,6],"to":[12,0,10],"rotation":{"angle":0,"axis":"y","origin":[8,0,10]},"faces":{"north":{"uv":[1,5.375,0.5,6.875],"texture":"#0"},"east":{"uv":[4,5.75,3.5,7.25],"texture":"#0"},"south":{"uv":[3,5.375,2.5,6.875],"texture":"#0"},"west":{"uv":[2.5,5.375,2,6.875],"texture":"#0"},"up":{"uv":[7.75,2.75,8.25,2.25],"texture":"#0"},"down":{"uv":[7.75,2.75,8.25,3.25],"texture":"#0"}}},{"from":[0,5.79113,-2.08329],"to":[4,9.79113,9.91671],"rotation":{"angle":0,"axis":"y","origin":[0.95918,7.06221,4.10392]},"faces":{"north":{"uv":[7.75,4.125,8.25,4.625],"texture":"#0"},"east":{"uv":[4,5.75,5.5,6.25],"texture":"#0"},"south":{"uv":[7.75,4.625,8.25,5.125],"texture":"#0"},"west":{"uv":[5.5,5.75,7,6.25],"texture":"#0"},"up":{"uv":[6.25,1.5,5.75,0],"texture":"#0"},"down":{"uv":[6.25,1.5,5.75,3],"texture":"#0"}}},{"from":[-1.54363,10.02997,3],"to":[6.45637,10.02997,13],"rotation":{"angle":22.5,"axis":"z","origin":[0.95918,6.18721,8.72892]},"faces":{"up":{"uv":[4.75,3.75,3.75,2.5],"texture":"#0"},"down":{"uv":[3.75,3.75,4.75,2.5],"texture":"#0"}}},{"from":[-1.54363,11.42997,3],"to":[6.45637,11.42997,13],"rotation":{"angle":22.5,"axis":"z","origin":[0.95918,6.18721,8.72892]},"faces":{"up":{"uv":[4.75,1.25,3.75,0],"texture":"#0"},"down":{"uv":[4.75,0,3.75,1.25],"texture":"#0"}}},{"from":[0.45637,11.42997,5],"to":[6.45637,12.42997,11],"rotation":{"angle":22.5,"axis":"z","origin":[0.95918,6.18721,8.72892]},"faces":{"north":{"uv":[8.125,5.75,8.875,5.875],"texture":"#0"},"east":{"uv":[8.125,5.875,8.875,6],"texture":"#0"},"south":{"uv":[8.125,6,8.875,6.125],"texture":"#0"},"west":{"uv":[8.125,7,8.875,7.125],"texture":"#0"},"up":{"uv":[6.25,7,5.5,6.25],"texture":"#0"},"down":{"uv":[7,6.25,6.25,7],"texture":"#0"}}},{"from":[0.45637,12.42997,8],"to":[6.45637,16.42997,8],"rotation":{"angle":22.5,"axis":"z","origin":[0.95918,6.18721,8.72892]},"faces":{"north":{"uv":[3,7.625,3.75,8.125],"texture":"#0"},"south":{"uv":[3.75,7.625,3,8.125],"texture":"#0"}}},{"from":[0.45637,9.92997,5],"to":[6.45637,10.92997,11],"rotation":{"angle":22.5,"axis":"z","origin":[0.95918,6.18721,8.72892]},"faces":{"north":{"uv":[1,3.25,1.75,3.375],"texture":"#0"},"east":{"uv":[2,4.125,2.75,4.25],"texture":"#0"},"south":{"uv":[2,4.25,2.75,4.375],"texture":"#0"},"west":{"uv":[6.75,5.375,7.5,5.5],"texture":"#0"},"up":{"uv":[1.75,3.25,1,2.5],"texture":"#0"},"down":{"uv":[2.75,3.375,2,4.125],"texture":"#0"}}},{"from":[-0.01296,-0.20887,-3.99974],"to":[-0.01296,9.79113,10.00026],"rotation":{"angle":0,"axis":"y","origin":[-1.11582,7.06221,4.10392]},"faces":{"east":{"uv":[0,0,1.75,1.25],"texture":"#0"},"west":{"uv":[0,1.25,1.75,2.5],"texture":"#0"}}},{"from":[4.01296,-0.20887,-3.99974],"to":[4.01296,9.79113,10.00026],"rotation":{"angle":0,"axis":"y","origin":[17.11582,7.06221,4.10392]},"faces":{"east":{"uv":[1.75,1.25,0,2.5],"texture":"#0"},"west":{"uv":[1.75,0,0,1.25],"texture":"#0"}}},{"from":[-0.01296,-0.20887,-3.99974],"to":[3.98704,-0.20887,10.00026],"rotation":{"angle":0,"axis":"y","origin":[-1.11582,7.06221,4.10392]},"faces":{"up":{"uv":[3.5,6.125,3,4.375],"texture":"#0"},"down":{"uv":[1.5,4.875,1,6.625],"texture":"#0"}}},{"from":[-0.01296,2.79113,5.00026],"to":[3.98704,9.79113,5.00026],"rotation":{"angle":0,"axis":"y","origin":[-1.11582,7.06221,4.10392]},"faces":{"north":{"uv":[0,7,0.5,7.875],"texture":"#0"},"east":{"uv":[0,0,0,0.875],"texture":"#0"},"south":{"uv":[5.5,7,6,7.875],"texture":"#0"},"west":{"uv":[0,0,0,0.875],"texture":"#0"},"up":{"uv":[0.5,0,0,0],"texture":"#0"},"down":{"uv":[0.5,0,0,0],"texture":"#0"}}},{"from":[-0.01196,9.79113,-3.99974],"to":[3.98804,9.79113,2.00026],"rotation":{"angle":0,"axis":"x","origin":[0.94722,9.255,4.83693]},"faces":{"up":{"uv":[1.5,8.5,1,7.75],"texture":"#0"},"down":{"uv":[2,7.75,1.5,8.5],"texture":"#0"}}},{"from":[0,-7.07208,4.28294],"to":[4,5.92792,4.28294],"rotation":{"angle":-22.5,"axis":"x","origin":[0.95918,8.2067,5.09367]},"faces":{"north":{"uv":[0.5,5.375,0,7],"texture":"#0"},"south":{"uv":[0,5.375,0.5,7],"texture":"#0"}}},{"from":[0,-0.07208,-1.99206],"to":[4,5.92792,-1.99206],"rotation":{"angle":-22.5,"axis":"x","origin":[0.95918,8.2067,-1.18133]},"faces":{"north":{"uv":[2,7.75,2.5,8.5],"texture":"#0"},"east":{"uv":[0,0,0,0.75],"texture":"#0"},"south":{"uv":[2.5,7.75,3,8.5],"texture":"#0"},"west":{"uv":[0,0,0,0.75],"texture":"#0"},"up":{"uv":[0.5,0,0,0],"texture":"#0"},"down":{"uv":[0.5,0,0,0],"texture":"#0"}}},{"from":[0,-7.94192,9.84959],"to":[4,-7.94192,18.84959],"rotation":{"angle":22.5,"axis":"x","origin":[2,-7.94192,14.34959]},"faces":{"up":{"uv":[6.75,1.125,6.25,0],"texture":"#0"},"down":{"uv":[6.25,1.125,6.75,0],"rotation":180,"texture":"#0"}}},{"from":[1.45637,10.42997,5.5],"to":[6.45637,11.42997,10.5],"rotation":{"angle":22.5,"axis":"z","origin":[0.95918,6.18721,8.72892]},"faces":{"north":{"uv":[8.125,7.125,8.75,7.25],"texture":"#0"},"east":{"uv":[8.125,7.25,8.75,7.375],"texture":"#0"},"south":{"uv":[8.125,7.75,8.75,7.875],"texture":"#0"},"west":{"uv":[8.125,7.875,8.75,8],"texture":"#0"},"up":{"uv":[7.625,6.75,7,6.125],"texture":"#0"},"down":{"uv":[7.75,2.25,7.125,2.875],"texture":"#0"}}},{"from":[0,5.79113,-2.08329],"to":[4,9.79113,9.91671],"rotation":{"angle":0,"axis":"y","origin":[0.95918,7.06221,4.10392]},"faces":{"north":{"uv":[7.75,4.125,8.25,4.625],"texture":"#0"},"east":{"uv":[4,5.75,5.5,6.25],"texture":"#0"},"south":{"uv":[7.75,4.625,8.25,5.125],"texture":"#0"},"west":{"uv":[5.5,5.75,7,6.25],"texture":"#0"},"up":{"uv":[6.25,1.5,5.75,0],"texture":"#0"},"down":{"uv":[6.25,1.5,5.75,3],"texture":"#0"}}},{"from":[-1.54363,10.02997,3],"to":[6.45637,10.02997,13],"rotation":{"angle":22.5,"axis":"z","origin":[0.95918,6.18721,8.72892]},"faces":{"north":{"uv":[0,0,1,0],"texture":"#0"},"east":{"uv":[0,0,1.25,0],"texture":"#0"},"south":{"uv":[0,0,1,0],"texture":"#0"},"west":{"uv":[0,0,1.25,0],"texture":"#0"},"up":{"uv":[4.75,3.75,3.75,2.5],"texture":"#0"},"down":{"uv":[1,4.125,0,5.375],"texture":"#0"}}},{"from":[-1.54363,11.42997,3],"to":[6.45637,11.42997,13],"rotation":{"angle":22.5,"axis":"z","origin":[0.95918,6.18721,8.72892]},"faces":{"north":{"uv":[0,0,1,0],"texture":"#0"},"east":{"uv":[0,0,1.25,0],"texture":"#0"},"south":{"uv":[0,0,1,0],"texture":"#0"},"west":{"uv":[0,0,1.25,0],"texture":"#0"},"up":{"uv":[4.75,1.25,3.75,0],"texture":"#0"},"down":{"uv":[4.75,1.25,3.75,2.5],"texture":"#0"}}},{"from":[0.45637,11.42997,5],"to":[6.45637,12.42997,11],"rotation":{"angle":22.5,"axis":"z","origin":[0.95918,6.18721,8.72892]},"faces":{"north":{"uv":[8.125,5.75,8.875,5.875],"texture":"#0"},"east":{"uv":[8.125,5.875,8.875,6],"texture":"#0"},"south":{"uv":[8.125,6,8.875,6.125],"texture":"#0"},"west":{"uv":[8.125,7,8.875,7.125],"texture":"#0"},"up":{"uv":[6.25,7,5.5,6.25],"texture":"#0"},"down":{"uv":[7,6.25,6.25,7],"texture":"#0"}}},{"from":[0.45637,12.42997,8],"to":[6.45637,16.42997,8],"rotation":{"angle":22.5,"axis":"z","origin":[0.95918,6.18721,8.72892]},"faces":{"north":{"uv":[3,7.625,3.75,8.125],"texture":"#0"},"east":{"uv":[0,0,0,0.5],"texture":"#0"},"south":{"uv":[7.625,6.125,8.375,6.625],"texture":"#0"},"west":{"uv":[0,0,0,0.5],"texture":"#0"},"up":{"uv":[0.75,0,0,0],"texture":"#0"},"down":{"uv":[0.75,0,0,0],"texture":"#0"}}},{"from":[0.45637,9.92997,5],"to":[6.45637,10.92997,11],"rotation":{"angle":22.5,"axis":"z","origin":[0.95918,6.18721,8.72892]},"faces":{"north":{"uv":[1,3.25,1.75,3.375],"texture":"#0"},"east":{"uv":[2,4.125,2.75,4.25],"texture":"#0"},"south":{"uv":[2,4.25,2.75,4.375],"texture":"#0"},"west":{"uv":[6.75,5.375,7.5,5.5],"texture":"#0"},"up":{"uv":[1.75,3.25,1,2.5],"texture":"#0"},"down":{"uv":[2.75,3.375,2,4.125],"texture":"#0"}}},{"from":[-1,5.29113,-1.80829],"to":[3,10.29113,5.19171],"rotation":{"angle":0,"axis":"y","origin":[0.95918,7.06221,4.10392]},"faces":{"north":{"uv":[7.625,7.75,8.125,8.375],"texture":"#0"},"east":{"uv":[6.25,2.25,7.125,2.875],"texture":"#0"},"south":{"uv":[7.75,0,8.25,0.625],"texture":"#0"},"west":{"uv":[1,6.625,1.875,7.25],"texture":"#0"},"up":{"uv":[5.5,7.75,5,6.875],"texture":"#0"},"down":{"uv":[7.375,3.375,6.875,4.25],"texture":"#0"}}},{"from":[13,5.29113,-1.80829],"to":[17,10.29113,5.19171],"rotation":{"angle":0,"axis":"y","origin":[15.04082,7.06221,4.10392]},"faces":{"north":{"uv":[8.125,7.75,7.625,8.375],"texture":"#0"},"east":{"uv":[1.875,6.625,1,7.25],"texture":"#0"},"south":{"uv":[8.25,0,7.75,0.625],"texture":"#0"},"west":{"uv":[7.125,2.25,6.25,2.875],"texture":"#0"},"up":{"uv":[5,7.75,5.5,6.875],"texture":"#0"},"down":{"uv":[6.875,3.375,7.375,4.25],"texture":"#0"}}},{"from":[-0.01296,-0.20887,-3.99974],"to":[-0.01296,9.79113,10.00026],"rotation":{"angle":0,"axis":"y","origin":[-1.11582,7.06221,4.10392]},"faces":{"north":{"uv":[0,0,0,1.25],"texture":"#0"},"east":{"uv":[0,0,1.75,1.25],"texture":"#0"},"south":{"uv":[0,0,0,1.25],"texture":"#0"},"west":{"uv":[0,1.25,1.75,2.5],"texture":"#0"},"up":{"uv":[0,1.75,0,0],"texture":"#0"},"down":{"uv":[0,0,0,1.75],"texture":"#0"}}},{"from":[-0.01296,-0.20887,-3.99974],"to":[3.98704,-0.20887,10.00026],"rotation":{"angle":0,"axis":"y","origin":[-1.11582,7.06221,4.10392]},"faces":{"north":{"uv":[0,0,0.5,0],"texture":"#0"},"east":{"uv":[0,0,1.75,0],"texture":"#0"},"south":{"uv":[0,0,0.5,0],"texture":"#0"},"west":{"uv":[0,0,1.75,0],"texture":"#0"},"up":{"uv":[3.5,6.125,3,4.375],"texture":"#0"},"down":{"uv":[1.5,4.875,1,6.625],"texture":"#0"}}},{"from":[-0.01296,2.79113,5.00026],"to":[3.98704,9.79113,5.00026],"rotation":{"angle":0,"axis":"y","origin":[-1.11582,7.06221,4.10392]},"faces":{"north":{"uv":[0,7,0.5,7.875],"texture":"#0"},"east":{"uv":[0,0,0,0.875],"texture":"#0"},"south":{"uv":[5.5,7,6,7.875],"texture":"#0"},"west":{"uv":[0,0,0,0.875],"texture":"#0"},"up":{"uv":[0.5,0,0,0],"texture":"#0"},"down":{"uv":[0.5,0,0,0],"texture":"#0"}}},{"from":[-0.01196,9.79113,-3.99974],"to":[3.98804,9.79113,2.00026],"rotation":{"angle":0,"axis":"x","origin":[0.94722,9.255,4.83693]},"faces":{"north":{"uv":[0,0,0.5,0],"texture":"#0"},"east":{"uv":[0,0,0.75,0],"texture":"#0"},"south":{"uv":[0,0,0.5,0],"texture":"#0"},"west":{"uv":[0,0,0.75,0],"texture":"#0"},"up":{"uv":[1.5,8.5,1,7.75],"texture":"#0"},"down":{"uv":[2,7.75,1.5,8.5],"texture":"#0"}}},{"from":[0,-0.07208,-1.99206],"to":[4,5.92792,-1.99206],"rotation":{"angle":-22.5,"axis":"x","origin":[0.95918,8.2067,-1.18133]},"faces":{"north":{"uv":[2,7.75,2.5,8.5],"texture":"#0"},"east":{"uv":[0,0,0,0.75],"texture":"#0"},"south":{"uv":[2.5,7.75,3,8.5],"texture":"#0"},"west":{"uv":[0,0,0,0.75],"texture":"#0"},"up":{"uv":[0.5,0,0,0],"texture":"#0"},"down":{"uv":[0.5,0,0,0],"texture":"#0"}}},{"from":[-4,7.79113,-1.80829],"to":[-1,7.79113,5.19171],"rotation":{"angle":0,"axis":"y","origin":[0.95918,7.06221,4.10392]},"faces":{"up":{"uv":[5.375,8.625,5,7.75],"texture":"#0"},"down":{"uv":[5,8.625,5.375,7.75],"rotation":180,"texture":"#0"}}},{"from":[1.45637,10.42997,5.5],"to":[6.45637,11.42997,10.5],"rotation":{"angle":22.5,"axis":"z","origin":[0.95918,6.18721,8.72892]},"faces":{"north":{"uv":[8.125,7.125,8.75,7.25],"texture":"#0"},"east":{"uv":[8.125,7.25,8.75,7.375],"texture":"#0"},"south":{"uv":[8.125,7.75,8.75,7.875],"texture":"#0"},"west":{"uv":[8.125,7.875,8.75,8],"texture":"#0"},"up":{"uv":[7.625,6.75,7,6.125],"texture":"#0"},"down":{"uv":[7.75,2.25,7.125,2.875],"texture":"#0"}}},{"from":[12,5.79113,-2.08329],"to":[16,9.79113,9.91671],"rotation":{"angle":0,"axis":"y","origin":[15.04082,7.06221,4.10392]},"faces":{"north":{"uv":[8.25,4.125,7.75,4.625],"texture":"#0"},"east":{"uv":[7,5.75,5.5,6.25],"texture":"#0"},"south":{"uv":[8.25,4.625,7.75,5.125],"texture":"#0"},"west":{"uv":[5.5,5.75,4,6.25],"texture":"#0"},"up":{"uv":[5.75,1.5,6.25,0],"texture":"#0"},"down":{"uv":[5.75,1.5,6.25,3],"texture":"#0"}}},{"from":[9.54363,10.02997,3],"to":[17.54363,10.02997,13],"rotation":{"angle":-22.5,"axis":"z","origin":[15.04082,6.18721,8.72892]},"faces":{"up":{"uv":[3.75,3.75,4.75,2.5],"texture":"#0"},"down":{"uv":[4.75,3.75,3.75,2.5],"texture":"#0"}}},{"from":[9.54363,11.52997,3],"to":[17.54363,11.52997,13],"rotation":{"angle":-22.5,"axis":"z","origin":[15.04082,6.18721,8.72892]},"faces":{"up":{"uv":[3.75,1.25,4.75,0],"texture":"#0"},"down":{"uv":[4.75,1.25,3.75,0],"texture":"#0"}}},{"from":[9.54363,11.42997,5],"to":[15.54363,12.42997,11],"rotation":{"angle":-22.5,"axis":"z","origin":[15.04082,6.18721,8.72892]},"faces":{"north":{"uv":[8.875,5.75,8.125,5.875],"texture":"#0"},"east":{"uv":[8.875,7,8.125,7.125],"texture":"#0"},"south":{"uv":[8.875,6,8.125,6.125],"texture":"#0"},"west":{"uv":[8.875,5.875,8.125,6],"texture":"#0"},"up":{"uv":[5.5,7,6.25,6.25],"texture":"#0"},"down":{"uv":[6.25,6.25,7,7],"texture":"#0"}}},{"from":[9.54363,12.42997,8],"to":[15.54363,16.42997,8],"rotation":{"angle":-22.5,"axis":"z","origin":[15.04082,6.18721,8.72892]},"faces":{"north":{"uv":[3.75,7.625,3,8.125],"texture":"#0"},"south":{"uv":[3,7.625,3.75,8.125],"texture":"#0"}}},{"from":[9.54363,9.92997,5],"to":[15.54363,10.92997,11],"rotation":{"angle":-22.5,"axis":"z","origin":[15.04082,6.18721,8.72892]},"faces":{"north":{"uv":[1.75,3.25,1,3.375],"texture":"#0"},"east":{"uv":[7.5,5.375,6.75,5.5],"texture":"#0"},"south":{"uv":[2.75,4.25,2,4.375],"texture":"#0"},"west":{"uv":[2.75,4.125,2,4.25],"texture":"#0"},"up":{"uv":[1,3.25,1.75,2.5],"texture":"#0"},"down":{"uv":[2,3.375,2.75,4.125],"texture":"#0"}}},{"from":[16.01296,-0.20887,-3.99974],"to":[16.01296,9.79113,10.00026],"rotation":{"angle":0,"axis":"y","origin":[17.11582,7.06221,4.10392]},"faces":{"north":{"uv":[0,0,0,1.25],"texture":"#0"},"east":{"uv":[1.75,1.25,0,2.5],"texture":"#0"},"south":{"uv":[0,0,0,1.25],"texture":"#0"},"west":{"uv":[1.75,0,0,1.25],"texture":"#0"},"up":{"uv":[0,1.75,0,0],"texture":"#0"},"down":{"uv":[0,0,0,1.75],"texture":"#0"}}},{"from":[11.98704,-0.20887,-3.99974],"to":[11.98704,9.79113,10.00026],"rotation":{"angle":0,"axis":"y","origin":[-1.11582,7.06221,4.10392]},"faces":{"east":{"uv":[0,0,1.75,1.25],"texture":"#0"},"west":{"uv":[0,1.25,1.75,2.5],"texture":"#0"}}},{"from":[12.01296,-0.20887,-3.99974],"to":[16.01296,-0.20887,10.00026],"rotation":{"angle":0,"axis":"y","origin":[17.11582,7.06221,4.10392]},"faces":{"up":{"uv":[3,6.125,3.5,4.375],"texture":"#0"},"down":{"uv":[1,4.875,1.5,6.625],"texture":"#0"}}},{"from":[12.01296,2.79113,5.00026],"to":[16.01296,9.79113,5.00026],"rotation":{"angle":0,"axis":"y","origin":[17.11582,7.06221,4.10392]},"faces":{"north":{"uv":[0.5,7,0,7.875],"texture":"#0"},"east":{"uv":[0,0,0,0.875],"texture":"#0"},"south":{"uv":[6,7,5.5,7.875],"texture":"#0"},"west":{"uv":[0,0,0,0.875],"texture":"#0"},"up":{"uv":[0,0,0.5,0],"texture":"#0"},"down":{"uv":[0,0,0.5,0],"texture":"#0"}}},{"from":[12.01196,9.79113,-3.99974],"to":[16.01196,9.79113,2.00026],"rotation":{"angle":0,"axis":"x","origin":[15.05278,9.255,4.83693]},"faces":{"up":{"uv":[1,8.5,1.5,7.75],"texture":"#0"},"down":{"uv":[1.5,7.75,2,8.5],"texture":"#0"}}},{"from":[12,-7.07208,4.28294],"to":[16,5.92792,4.28294],"rotation":{"angle":-22.5,"axis":"x","origin":[15.04082,8.2067,5.09367]},"faces":{"north":{"uv":[0,5.375,0.5,7],"texture":"#0"},"south":{"uv":[0.5,5.375,0,7],"texture":"#0"}}},{"from":[12,-0.07208,-1.99206],"to":[16,5.92792,-1.99206],"rotation":{"angle":-22.5,"axis":"x","origin":[15.04082,8.2067,-1.18133]},"faces":{"north":{"uv":[2.5,7.75,2,8.5],"texture":"#0"},"east":{"uv":[0,0,0,0.75],"texture":"#0"},"south":{"uv":[3,7.75,2.5,8.5],"texture":"#0"},"west":{"uv":[0,0,0,0.75],"texture":"#0"},"up":{"uv":[0,0,0.5,0],"texture":"#0"},"down":{"uv":[0,0,0.5,0],"texture":"#0"}}},{"from":[12,-7.94192,9.84959],"to":[16,-7.94192,18.84959],"rotation":{"angle":22.5,"axis":"x","origin":[14,-7.94192,14.34959]},"faces":{"up":{"uv":[6.25,1.125,6.75,0],"texture":"#0"},"down":{"uv":[6.75,1.125,6.25,0],"rotation":180,"texture":"#0"}}},{"from":[17,7.79113,-2.03329],"to":[20,7.79113,4.96671],"rotation":{"angle":0,"axis":"y","origin":[15.04082,7.06221,4.10392]},"faces":{"up":{"uv":[5,8.625,5.375,7.75],"texture":"#0"},"down":{"uv":[5.375,8.625,5,7.75],"rotation":180,"texture":"#0"}}},{"from":[9.54363,10.42997,5.5],"to":[14.54363,11.42997,10.5],"rotation":{"angle":-22.5,"axis":"z","origin":[15.04082,6.18721,8.72892]},"faces":{"north":{"uv":[8.75,7.125,8.125,7.25],"texture":"#0"},"east":{"uv":[8.75,7.875,8.125,8],"texture":"#0"},"south":{"uv":[8.75,7.75,8.125,7.875],"texture":"#0"},"west":{"uv":[8.75,7.25,8.125,7.375],"texture":"#0"},"up":{"uv":[7,6.75,7.625,6.125],"texture":"#0"},"down":{"uv":[7.125,2.25,7.75,2.875],"texture":"#0"}}},{"from":[0.59957,11.04339,-3.62548],"to":[2.63957,25.08339,-3.58548],"rotation":{"angle":-22.5,"axis":"y","origin":[1.2029,10.39672,-3.60548]},"faces":{"north":{"uv":[6.5,7,6.75,8.75],"texture":"#0"},"south":{"uv":[6.75,7,6.5,8.75],"texture":"#0"}}},{"from":[-0.40043,8.04339,-6.12548],"to":[-0.36043,11.08339,-1.08548],"rotation":{"angle":-22.5,"axis":"y","origin":[1.2029,10.39672,-3.60548]},"faces":{"east":{"uv":[0,7.875,0.625,8.25],"texture":"#0"},"west":{"uv":[0,7.875,0.625,8.25],"texture":"#0"}}},{"from":[-0.40043,8.04339,-5.12548],"to":[2.63957,11.08339,-5.08548],"rotation":{"angle":-22.5,"axis":"y","origin":[1.2029,10.39672,-3.60548]},"faces":{"north":{"uv":[5.5,7.875,5.875,8.25],"texture":"#0"},"south":{"uv":[3,8.125,3.375,8.5],"texture":"#0"}}},{"from":[0.59957,6.04339,-4.12548],"to":[2.63957,7.08339,-3.08548],"rotation":{"angle":-22.5,"axis":"y","origin":[1.2029,10.39672,-3.60548]},"faces":{"north":{"uv":[1.5,6.5,1.75,6.625],"texture":"#0"},"east":{"uv":[8.25,2.625,8.375,2.75],"texture":"#0"},"south":{"uv":[6.5,2.875,6.75,3],"texture":"#0"},"west":{"uv":[8.25,2.75,8.375,2.875],"texture":"#0"},"up":{"uv":[7.625,4.25,7.375,4.125],"texture":"#0"},"down":{"uv":[7.875,6.625,7.625,6.75],"texture":"#0"}}},{"from":[1.59957,7.04339,-4.12548],"to":[2.63957,11.08339,-3.08548],"rotation":{"angle":-22.5,"axis":"y","origin":[1.2029,10.39672,-3.60548]},"faces":{"north":{"uv":[4.625,5,4.75,5.5],"texture":"#0"},"east":{"uv":[2.875,6.875,3,7.375],"texture":"#0"},"south":{"uv":[0.5,8.25,0.625,8.75],"texture":"#0"},"west":{"uv":[5.75,8.25,5.875,8.75],"texture":"#0"},"up":{"uv":[8.375,3,8.25,2.875],"texture":"#0"},"down":{"uv":[8.375,3,8.25,3.125],"texture":"#0"}}},{"from":[-0.40043,8.04339,-2.12548],"to":[2.63957,11.08339,-2.08548],"rotation":{"angle":-22.5,"axis":"y","origin":[1.2029,10.39672,-3.60548]},"faces":{"north":{"uv":[5.5,7.875,5.875,8.25],"texture":"#0"},"south":{"uv":[3,8.125,3.375,8.5],"texture":"#0"}}}],"display":{"head":{"translation":[0,-25.5,0],"scale":[1.5,1.5,1.5]}},"groups":[0,1,2,3,4,5,6,7,8,9,10,11,12,13,14,15,16,17,18,19,20,21,22,23,24,25,26,27,28,29,30,31,32,33,34,35,36,37,38,39,40,41,{"name":"arm","origin":[1.25,10.9,7.5],"children":[42,43,44,45,46,47,48,49,50,51,52,53,54,55,56]},{"name":"arm","origin":[1.25,10.9,7.5],"children":[57,58,59,60,61,62,63,64,65,66,67,68,69,70,71]},{"name":"arm","origin":[1.25,10.9,7.5],"children":[72,73,74,75,76,77,78,79,80,81,82,83,84,85,86,87]},{"name":"sword","origin":[11.75,3.69672,-9.60064],"children":[88,89,90,91,92,93]}]}