{"credit":"MadewithBlockbench","texture_size":[32,32],"textures":{"0":"blocks/egg/1","1":"blocks/egg/2","2":"blocks/egg/3","3":"blocks/egg/4","4":"blocks/egg/5","particle":"blocks/egg/1"},"elements":[{"from":[1.6,1.6,1.6],"to":[14.4,6.4,14.4],"rotation":{"angle":0,"axis":"y","origin":[-4.8,0,-4.8]},"faces":{"north":{"uv":[11.5,13.5,16,15.5],"texture":"#3"},"east":{"uv":[11.5,13.5,16,15.5],"texture":"#3"},"south":{"uv":[11.5,13.5,16,15.5],"texture":"#3"},"west":{"uv":[11.5,13.5,16,15.5],"texture":"#3"},"up":{"uv":[1.5,6.5,6,11],"texture":"#3"},"down":{"uv":[1.5,0.5,6,5],"rotation":90,"texture":"#3"}}},{"from":[3.2,6.4,3.2],"to":[12.8,9.6,12.8],"rotation":{"angle":0,"axis":"y","origin":[-4.8,0,-4.8]},"faces":{"north":{"uv":[0,0,3,1],"texture":"#2"},"east":{"uv":[0,0,3,1],"texture":"#2"},"south":{"uv":[0,0,3,1],"texture":"#2"},"west":{"uv":[0,0,3,1],"texture":"#2"},"up":{"uv":[0,0,3,3],"texture":"#2"},"down":{"uv":[0,0,3,3],"texture":"#2"}}},{"from":[3.2,0,3.2],"to":[12.8,3.2,12.8],"rotation":{"angle":0,"axis":"y","origin":[-4.8,0,-4.8]},"faces":{"north":{"uv":[0,0,3,1],"texture":"#4"},"east":{"uv":[0,0,3,1],"texture":"#4"},"south":{"uv":[0,0,3,1],"texture":"#4"},"west":{"uv":[0,0,3,1],"texture":"#4"},"up":{"uv":[0,0,3,3],"texture":"#4"},"down":{"uv":[0,3.5,3,6.5],"texture":"#4"}}},{"from":[4.8,9.6,4.8],"to":[11.2,12.8,11.2],"rotation":{"angle":0,"axis":"y","origin":[-4.8,0,-4.8]},"faces":{"north":{"uv":[0,0,4,2],"rotation":180,"texture":"#1"},"east":{"uv":[0,0,4,2],"texture":"#1"},"south":{"uv":[0,0,4,2],"rotation":180,"texture":"#1"},"west":{"uv":[0,0,4,2],"texture":"#1"},"up":{"uv":[0,0,4,4],"texture":"#1"},"down":{"uv":[0,0,4,4],"texture":"#1"}}},{"from":[6.4,12.8,6.4],"to":[9.6,14.4,9.6],"rotation":{"angle":0,"axis":"y","origin":[-4.8,0,-4.8]},"faces":{"north":{"uv":[0,0,2,1],"rotation":180,"texture":"#0"},"east":{"uv":[0,0,2,1],"texture":"#0"},"south":{"uv":[0,1,2,2],"texture":"#0"},"west":{"uv":[0,1,2,2],"rotation":180,"texture":"#0"},"up":{"uv":[0,0,2,2],"texture":"#0"},"down":{"uv":[0,0,2,2],"texture":"#0"}}}],"display":{"thirdperson_righthand":{"translation":[0,3.25,0]},"firstperson_righthand":{"translation":[0.5,4.75,0]},"ground":{"translation":[0,5.75,0]},"gui":{"rotation":[16.5,20.5,0],"translation":[0,1.5,0],"scale":[0.9,0.9,0.9]},"fixed":{"translation":[0,3.25,0]}}}