{"credit":"MadewithBlockbench","texture_size":[64,64],"textures":{"0":"blocks/demonicpick/pickaxe","2":"blocks/demonicpick/texture"},"elements":[{"from":[8,1.1,7],"to":[9,20.1,8],"faces":{"north":{"uv":[0,0,1,13],"texture":"#0"},"east":{"uv":[0,0,1,13],"texture":"#0"},"south":{"uv":[0,0,1,13],"texture":"#0"},"west":{"uv":[0,0,1,13],"texture":"#0"},"up":{"uv":[0,0,0.25,0.25],"texture":"#0"},"down":{"uv":[0,0,0.25,0.25],"texture":"#0"}}},{"from":[7.75,0.25,6.75],"to":[9.25,2,8.25],"faces":{"north":{"uv":[0,0,0.375,0.4375],"texture":"#0"},"east":{"uv":[0,0,0.375,0.4375],"texture":"#0"},"south":{"uv":[0,0,0.375,0.4375],"texture":"#0"},"west":{"uv":[0,0,0.375,0.4375],"texture":"#0"},"up":{"uv":[0,0,0.375,0.375],"texture":"#0"},"down":{"uv":[0,0,0.375,0.375],"texture":"#0"}}},{"from":[7.75,15.25,6.75],"to":[9.25,17.3,8.25],"rotation":{"angle":0,"axis":"y","origin":[0,4,0]},"faces":{"north":{"uv":[0,0,0.375,0.5125],"texture":"#0"},"east":{"uv":[0,0,0.375,0.5125],"texture":"#0"},"south":{"uv":[0,0,0.375,0.5125],"texture":"#0"},"west":{"uv":[0,0,0.375,0.5125],"texture":"#0"},"up":{"uv":[0,0,0.375,0.375],"texture":"#0"},"down":{"uv":[0,0,0.375,0.375],"texture":"#0"}}},{"from":[6.75,7.525,16.65],"to":[10.25,10.975,17.65],"rotation":{"angle":-45,"axis":"x","origin":[0,4,0]},"faces":{"north":{"uv":[6,0.5,6.875,1.375],"texture":"#0"},"east":{"uv":[7.5,0.5,7.75,1.375],"texture":"#0"},"south":{"uv":[7.5,0,8,1.5],"texture":"#0"},"west":{"uv":[7.5,0.5,7.75,1.375],"texture":"#0"},"up":{"uv":[6,1.5,6.875,1.75],"texture":"#0"},"down":{"uv":[6,1.5,6.875,1.75],"texture":"#0"}}},{"from":[7.725,-0.644,7.451],"to":[9.265,0.874,7.891],"rotation":{"angle":-45,"axis":"x","origin":[4.48,1.76,4.48]},"faces":{"north":{"uv":[6,0.5,6.875,1.375],"texture":"#0"},"east":{"uv":[7.5,0.5,7.75,1.375],"texture":"#0"},"south":{"uv":[7.5,0,8,1.5],"texture":"#0"},"west":{"uv":[7.5,0.5,7.75,1.375],"texture":"#0"},"up":{"uv":[6,1.5,6.875,1.75],"texture":"#0"},"down":{"uv":[6,1.5,6.875,1.75],"texture":"#0"}}},{"from":[6.75,27.86751,15.986],"to":[10.25,28.86751,19.486],"rotation":{"angle":-45,"axis":"x","origin":[0,10.71751,22.486]},"faces":{"north":{"uv":[0,0,0.875,0.25],"rotation":180,"texture":"#0"},"east":{"uv":[7.5,0.5,7.75,1.375],"rotation":270,"texture":"#0"},"south":{"uv":[7.5,0,8,0.5],"texture":"#0"},"west":{"uv":[7,0.5,7.25,1.375],"rotation":90,"texture":"#0"},"up":{"uv":[7.5,0,8,1.5],"rotation":180,"texture":"#0"},"down":{"uv":[0,0,0.875,0.875],"rotation":180,"texture":"#0"}}},{"from":[7.725,8.30671,7.15884],"to":[9.265,8.74671,8.69884],"rotation":{"angle":-45,"axis":"x","origin":[4.48,4.71571,14.37384]},"faces":{"north":{"uv":[0,0,0.875,0.25],"rotation":180,"texture":"#0"},"east":{"uv":[7.5,0.5,7.75,1.375],"rotation":270,"texture":"#0"},"south":{"uv":[0,0,0.875,0.25],"texture":"#0"},"west":{"uv":[7,0.5,7.25,1.375],"rotation":90,"texture":"#0"},"up":{"uv":[7.5,0,8,1.5],"rotation":180,"texture":"#0"},"down":{"uv":[0,0,0.875,0.875],"rotation":180,"texture":"#0"}}},{"from":[6.75,7.525,14.175],"to":[10.25,10,15.15],"rotation":{"angle":-45,"axis":"x","origin":[0,4,0]},"faces":{"north":{"uv":[5.5,0.5,6.375,1.375],"texture":"#0"},"east":{"uv":[6,0.5,6.25,1.375],"texture":"#0"},"south":{"uv":[6,0.5,6.875,1.375],"texture":"#0"},"west":{"uv":[6,1,6.25,1.875],"texture":"#0"},"up":{"uv":[5.5,1,6.375,1.25],"texture":"#0"},"down":{"uv":[6,1,6.875,1.25],"texture":"#0"}}},{"from":[7.725,-0.644,6.362],"to":[9.265,0.445,6.791],"rotation":{"angle":-45,"axis":"x","origin":[4.48,1.76,4.48]},"faces":{"north":{"uv":[5.5,0.5,6.375,1.375],"texture":"#0"},"east":{"uv":[6,0.5,6.25,1.375],"texture":"#0"},"south":{"uv":[6,0.5,6.875,1.375],"texture":"#0"},"west":{"uv":[6,1,6.25,1.875],"texture":"#0"},"up":{"uv":[5.5,1,6.375,1.25],"texture":"#0"},"down":{"uv":[6,1,6.875,1.25],"texture":"#0"}}},{"from":[6.75,25.39251,16.986],"to":[10.25,26.36751,18.486],"rotation":{"angle":-45,"axis":"x","origin":[0,10.71751,22.486]},"faces":{"north":{"uv":[5.5,1,6.375,1.25],"rotation":180,"texture":"#0"},"east":{"uv":[6.5,1,6.75,1.875],"rotation":90,"texture":"#0"},"south":{"uv":[5.5,1,6.375,1.25],"texture":"#0"},"west":{"uv":[6,0.5,6.25,1.375],"rotation":270,"texture":"#0"},"up":{"uv":[6,0.5,6.875,1.375],"texture":"#0"},"down":{"uv":[5.5,0.5,6.375,1.375],"rotation":180,"texture":"#0"}}},{"from":[7.725,7.21771,7.59884],"to":[9.265,7.64671,8.25884],"rotation":{"angle":-45,"axis":"x","origin":[4.48,4.71571,14.37384]},"faces":{"north":{"uv":[5.5,1,6.375,1.25],"rotation":180,"texture":"#0"},"east":{"uv":[6.5,1,6.75,1.875],"rotation":90,"texture":"#0"},"south":{"uv":[5.5,1,6.375,1.25],"texture":"#0"},"west":{"uv":[6,0.5,6.25,1.375],"rotation":270,"texture":"#0"},"up":{"uv":[6,0.5,6.875,1.375],"texture":"#0"},"down":{"uv":[5.5,0.5,6.375,1.375],"rotation":180,"texture":"#0"}}},{"from":[7.25,25.86751,16.486],"to":[9.75,28.36751,18.986],"rotation":{"angle":-45,"axis":"x","origin":[0,10.71751,22.486]},"faces":{"north":{"uv":[0,0,0.625,0.625],"rotation":180,"texture":"#0"},"east":{"uv":[10.5,3.5,11.5,4.5],"rotation":90,"texture":"#0"},"south":{"uv":[0,0,0.625,0.625],"texture":"#0"},"west":{"uv":[10.5,3.5,11.5,4.5],"rotation":180,"texture":"#0"},"up":{"uv":[0,0,0.625,0.625],"texture":"#0"},"down":{"uv":[0,0,0.625,0.625],"rotation":180,"texture":"#0"}}},{"from":[7.945,7.42671,7.37884],"to":[9.045,8.52671,8.47884],"rotation":{"angle":-45,"axis":"x","origin":[4.48,4.71571,14.37384]},"faces":{"north":{"uv":[0,0,0.625,0.625],"rotation":180,"texture":"#0"},"east":{"uv":[10.5,3.5,11.5,4.5],"rotation":90,"texture":"#0"},"south":{"uv":[0,0,0.625,0.625],"texture":"#0"},"west":{"uv":[10.5,3.5,11.5,4.5],"rotation":180,"texture":"#0"},"up":{"uv":[0,0,0.625,0.625],"texture":"#0"},"down":{"uv":[0,0,0.625,0.625],"rotation":180,"texture":"#0"}}},{"from":[7.75,17.1,3.8],"to":[9.25,20.35,6.8],"rotation":{"angle":0,"axis":"y","origin":[0,4,0]},"faces":{"north":{"uv":[3,0,4,2],"texture":"#0"},"east":{"uv":[7,0,9,2],"texture":"#0"},"south":{"uv":[0,0,0.375,0.8125],"texture":"#0"},"west":{"uv":[6.5,0,8.5,2],"texture":"#0"},"up":{"uv":[4.5,0,5.5,2],"texture":"#0"},"down":{"uv":[5.5,0,6.5,2],"texture":"#0"}}},{"from":[7.75,17.1,8.2],"to":[9.25,20.35,11.2],"rotation":{"angle":0,"axis":"y","origin":[0,4,16]},"faces":{"north":{"uv":[0.375,0,0,0.8125],"texture":"#0"},"east":{"uv":[9,0,7,2],"texture":"#0"},"south":{"uv":[4,0,3,2],"texture":"#0"},"west":{"uv":[8.5,0,6.5,2],"texture":"#0"},"up":{"uv":[4.5,2,5.5,0],"texture":"#0"},"down":{"uv":[5.5,2,6.5,0],"texture":"#0"}}},{"from":[6.38,-1.116,5.416],"to":[10.34,-1.116,9.376],"rotation":{"angle":-22.5,"axis":"x","origin":[2.24,0,1.924]},"faces":{"north":{"uv":[0,0,1.375,0],"rotation":180,"texture":"#2"},"east":{"uv":[0,0,0,1.375],"rotation":270,"texture":"#2"},"south":{"uv":[0,0,1.375,0],"texture":"#2"},"west":{"uv":[0,0,0,1.375],"rotation":90,"texture":"#2"},"up":{"uv":[13.5,0,16,2.5],"rotation":180,"texture":"#2"},"down":{"uv":[13.5,0,16,2.5],"texture":"#2"}}},{"from":[6.38,16.584,5.516],"to":[10.34,16.584,9.476],"rotation":{"angle":0,"axis":"y","origin":[2.24,0,2.024]},"faces":{"north":{"uv":[0,0,1.375,0],"rotation":180,"texture":"#2"},"east":{"uv":[0,0,0,1.375],"rotation":270,"texture":"#2"},"south":{"uv":[0,0,1.375,0],"texture":"#2"},"west":{"uv":[0,0,0,1.375],"rotation":90,"texture":"#2"},"up":{"uv":[13.5,0,16,2.5],"rotation":180,"texture":"#2"},"down":{"uv":[13.5,0,16,2.5],"texture":"#2"}}},{"from":[8.624,20.3,4.516],"to":[8.624,26.26,10.476],"rotation":{"angle":0,"axis":"y","origin":[2.24,0,2.024]},"faces":{"north":{"uv":[0,0,1.375,0],"rotation":90,"texture":"#2"},"east":{"uv":[0,0,2.5,2.5],"rotation":270,"texture":"#2"},"south":{"uv":[0,0,1.375,0],"rotation":90,"texture":"#2"},"west":{"uv":[0,0,2.5,2.5],"rotation":270,"texture":"#2"},"up":{"uv":[0,0,0,1.375],"rotation":180,"texture":"#2"},"down":{"uv":[0,0,0,1.375],"texture":"#2"}}},{"from":[6.38,3.204,4.696],"to":[10.34,3.204,8.656],"rotation":{"angle":22.5,"axis":"x","origin":[2.24,0,1.924]},"faces":{"north":{"uv":[0,0,1.375,0],"rotation":180,"texture":"#2"},"east":{"uv":[0,0,0,1.375],"rotation":270,"texture":"#2"},"south":{"uv":[0,0,1.375,0],"texture":"#2"},"west":{"uv":[0,0,0,1.375],"rotation":90,"texture":"#2"},"up":{"uv":[13.5,0,16,2.5],"rotation":180,"texture":"#2"},"down":{"uv":[13.5,0,16,2.5],"texture":"#2"}}},{"from":[8.5,14.1,-2.95],"to":[8.5,20.35,3.8],"rotation":{"angle":0,"axis":"y","origin":[0,4,0]},"faces":{"north":{"uv":[0,0,0,1.5625],"texture":"#0"},"east":{"uv":[11.5,12,16,16],"texture":"#0"},"south":{"uv":[0,0,0,1.5625],"texture":"#0"},"west":{"uv":[7,12,11.5,16],"texture":"#0"},"up":{"uv":[0,0,0,1.6875],"texture":"#0"},"down":{"uv":[0,0,0,1.6875],"texture":"#0"}}},{"from":[8.5,14.1,11.2],"to":[8.5,20.35,17.95],"rotation":{"angle":0,"axis":"y","origin":[0,4,16]},"faces":{"north":{"uv":[0,0,0,1.5625],"texture":"#0"},"east":{"uv":[16,12,11.5,16],"texture":"#0"},"south":{"uv":[0,0,0,1.5625],"texture":"#0"},"west":{"uv":[11.5,12,7,16],"texture":"#0"},"up":{"uv":[0,1.6875,0,0],"texture":"#0"},"down":{"uv":[0,1.6875,0,0],"texture":"#0"}}},{"from":[7.75,-6.1,4.5],"to":[9.25,-4.6,6],"rotation":{"angle":-45,"axis":"x","origin":[0,0,0]},"faces":{"north":{"uv":[0,0,0.375,0.375],"texture":"#0"},"east":{"uv":[0,0,0.375,0.375],"texture":"#0"},"south":{"uv":[0,0,0.375,0.375],"texture":"#0"},"west":{"uv":[0,0,0.375,0.375],"texture":"#0"},"up":{"uv":[0,0,0.375,0.375],"texture":"#0"},"down":{"uv":[0,0,0.375,0.375],"texture":"#0"}}}],"display":{"thirdperson_righthand":{"translation":[0,0,2]},"thirdperson_lefthand":{"translation":[0,3,1],"scale":[0.55,0.55,0.55]},"firstperson_righthand":{"rotation":[0,-156,-3.5],"translation":[1.63,-0.8,1.13],"scale":[0.8,0.8,0.8]},"firstperson_lefthand":{"rotation":[0,-90,25],"translation":[1.13,3.2,1.13],"scale":[0.68,0.68,0.68]},"ground":{"translation":[0,2,0],"scale":[0.5,0.5,0.5]},"gui":{"rotation":[104,-132,93],"translation":[-2,-1.5,0],"scale":[0.625,0.625,0.625]},"head":{"rotation":[0,180,0],"translation":[0,13,7]},"fixed":{"rotation":[0,-90,0],"translation":[-0.5,-1.75,-1.25]}},"groups":[{"name":"group","origin":[0,0,0],"children":[0,1,2,3,4,5,6,7,8,9,10,11,12,13,14,15,16,17,18,19,20,21]}]}